tnt,effect_class,fuse_declared,method,baseline_avg_mspt,peak_avg_mspt,peak_p99_mspt,mean_avg_mspt,worst_wall_ms_per_tick,ticks_observed,wall_seconds,peak_entities,fell_behind
tnt_x10000,TNTXStrengthEffect,480,block+redstone,1.2,242.4,24091.5,31.175,12077.1,800,64.05,4,1
hydrogen_bomb,DropProjectileTNTEffect,80,block+redstone,1.267,123.0,12093.9,31.655,6079.4,400,31.96,4,1
tsar_bomba,DropProjectileTNTEffect,80,block+redstone,2.056,73.2,6972.6,18.922,3520.9,397,26.72,4,1
colossal_tnt,ColossalTNTEffect,400,block+redstone,1.067,67.1,6601.1,10.043,6638.1,719,42.51,4,1
tnt_x2000,TNTXStrengthEffect,400,block+redstone,1.111,43.6,4232.5,6.894,4256.1,717,39.96,4,1
nether_tnt,NetherTNTEffect,180,block+redstone,1.089,36.2,3152.5,8.142,826.6,496,27.88,4,1
supernova,SupernovaEffect,300,block+redstone,1.078,25.0,2394.6,4.718,833.6,616,33.12,4,1
atlantis,AtlantisEffect,240,block+redstone,1.478,36.8,1634.9,8.457,588.5,706,35.33,43,1
black_hole_tnt,BlackHoleTNTEffect,500,block+redstone,2.256,37.8,1433.9,11.29,754.5,816,40.81,2001,1
giant_tnt,GiantTNTEffect,320,block+redstone,0.911,14.5,1349.3,2.597,310.7,637,31.88,4,1
hungry_tnt,HungryTNTEffect,600,block+redstone,1.2,10.7,969.2,1.87,980.9,918,45.88,4,1
pulsar_tnt,PulsarTNTEffect,400,block+redstone,1.422,27.4,848.6,5.452,633.3,716,35.77,4,1
fluorine_tnt,FluorineTNTEffect,400,block+redstone,1.133,42.2,739.1,11.166,396.1,718,35.89,4,1
wither_storm,WitherStormEffect,160,block+redstone,1.111,11.9,485.3,3.93,171.6,2998,149.89,180,1
animal_kingdom,AnimalKingdomEffect,80,block+redstone,2.322,26.2,312.7,9.777,172.7,2997,149.85,321,1
firestorm_tnt,FirestormTNTEffect,160,block+redstone,1.056,4.3,281.9,1.786,113.1,477,23.83,4,1
plantation_tnt,PlantationTNTEffect,160,block+redstone,3.189,3.7,266.9,1.658,113.5,476,23.8,4,1
reset_tnt,?,80,block+redstone,1.489,3.1,202.3,1.611,250.1,396,19.78,4,1
hells_gate,HellsGateEffect,140,block+redstone,1.478,2.6,147.9,1.323,89.1,456,22.82,4,0
world_of_wools,WorldOfWoolsEffect,150,block+redstone,1.978,3.8,138.2,1.924,106.2,469,23.46,83,1
grande_finale,GrandeFinaleEffect,440,block+redstone,1.067,40.7,104.5,15.198,142.5,2998,149.9,3742,1
catalyst_tnt,CatalystTNTEffect,340,block+redstone,1.033,8.8,86.8,2.89,72.0,657,32.85,4,0
end_tnt,EndTNTEffect,160,block+redstone,1.022,2.2,76.3,1.334,69.5,477,23.85,27,0
gotthard_tunnel,GotthardTunnelEffect,200,block+redstone,1.122,1.7,73.6,0.967,57.4,516,25.8,4,0
death_ray,DeathRayEffect,480,block+redstone,1.156,8.1,56.0,2.082,51.6,798,39.88,4,0
jumping_tnt,JumpingTNTEffect,100000,block+redstone,0.933,2.0,39.1,1.375,54.7,1217,60.87,12,0
continental_drift,ContinentalDriftEffect,480,block+redstone,1.667,1.4,38.6,1.022,57.3,799,39.95,4,0
air_strike,AirStrikeEffect,360,block+redstone,1.233,7.2,35.6,3.498,60.5,679,33.91,144,0
leaping_tnt,LeapingTNTEffect,100000,block+redstone,1.556,1.3,25.3,1.062,52.5,1218,60.87,4,0
sensor_tnt,SensorTNTEffect,5000,block+redstone,1.4,1.2,24.4,0.9,58.1,1217,60.84,4,0
meteor_storm,MeteorStormEffect,720,block+redstone,1.1,2.1,23.9,1.452,60.2,1036,51.8,31,0
flak_tnt,FlakTNTEffect,800,block+redstone,0.978,1.1,21.9,0.881,55.2,1119,55.97,4,0
structure_tnt,StructureTNTEffect,160,block+redstone,1.289,1.0,17.4,0.892,51.4,476,23.76,4,0
pulse_tnt,PulseTNTEffect,300,block+redstone,0.978,1.3,15.7,0.932,56.9,617,30.84,4,0
solar_eruption,SolarEruptionEffect,360,block+redstone,0.922,6.2,13.7,3.102,54.1,677,33.84,450,0
earthquake_tnt,EarthquakeTNTEffect,280,block+redstone,1.3,1.3,12.3,1.11,59.0,597,29.84,4,0
meteor_shower,MeteorShowerEffect,720,block+redstone,1.689,2.5,10.5,1.872,58.4,1037,51.85,114,0
replay_tnt,?,80,block+redstone,1.322,1.5,9.7,1.325,51.9,399,19.93,4,0
acidic_tnt,AcidicTNTEffect,80,block+redstone,0.911,2.8,6.9,1.441,51.3,398,19.93,73,0
bouncing_tnt,BouncingTNTEffect,100000,block+redstone,1.189,1.2,6.1,1.143,50.9,1217,60.82,4,0
eating_tnt,EatingTNTEffect,400,block+redstone,1.1,1.2,6.1,1.107,51.3,719,35.92,4,0
toxic_cloud,ToxicCloudEffect,1200,summon,0.967,1.3,5.8,1.07,52.4,1217,60.85,4,0
knockback_tnt,KnockbackTNTEffect,300,block+redstone,1.067,1.3,4.6,1.127,52.0,617,30.83,4,0
mimic_tnt,MimicTNTEffect,20000,block+redstone,1.033,1.2,2.5,1.03,50.8,1217,60.83,4,0
cannon_tnt,CannonTNTEffect,600,block+redstone,1.289,1.2,2.1,1.105,56.3,919,45.94,4,0
gravity_tnt,GravityTNTEffect,300,block+redstone,1.344,1.2,2.1,1.133,51.2,616,30.79,4,0
smoke_tnt,SmokeTNTEffect,520,block+redstone,1.2,1.2,1.7,1.088,50.5,837,41.86,4,0
turret_tnt,TurretTNTEffect,400,block+redstone,1.144,1.2,1.6,1.115,54.5,717,35.84,4,0
